{"stats":{"minecraft:custom":{"minecraft:time_since_rest":11074,"minecraft:sprint_one_cm":21782,"minecraft:damage_taken":137,"minecraft:walk_one_cm":9961,"minecraft:mob_kills":18,"minecraft:damage_dealt":1506,"minecraft:swim_one_cm":11572,"minecraft:interact_with_crafting_table":4,"minecraft:fly_one_cm":29083,"minecraft:crouch_one_cm":9124,"minecraft:play_time":11074,"minecraft:sneak_time":2411,"minecraft:walk_under_water_one_cm":2392,"minecraft:jump":164,"minecraft:walk_on_water_one_cm":2626,"minecraft:time_since_death":11074,"minecraft:total_world_time":11074,"minecraft:fall_one_cm":4898},"minecraft:picked_up":{"minecraft:raw_iron":3,"minecraft:feather":5,"minecraft:chicken":3,"minecraft:andesite":8,"minecraft:leather":1,"minecraft:porkchop":5,"minecraft:oak_log":3,"minecraft:dirt":14,"minecraft:wheat_seeds":1,"minecraft:beef":6,"minecraft:gray_wool":1,"minecraft:mutton":15,"minecraft:white_wool":8,"minecraft:cobblestone":61},"minecraft:used":{"minecraft:stone_pickaxe":65,"minecraft:wooden_pickaxe":8,"minecraft:stone_axe":27,"minecraft:dirt":14,"minecraft:mutton":1,"minecraft:crafting_table":1},"minecraft:mined":{"minecraft:iron_ore":3,"minecraft:andesite":8,"minecraft:short_grass":5,"minecraft:grass_block":3,"minecraft:oak_log":2,"minecraft:dirt":10,"minecraft:stone":61},"minecraft:crafted":{"minecraft:oak_planks":12,"minecraft:crafting_table":1,"minecraft:stick":8,"minecraft:wooden_pickaxe":1,"minecraft:stone_pickaxe":1,"minecraft:furnace":1,"minecraft:stone_axe":1},"minecraft:killed":{"minecraft:sheep":9,"minecraft:pig":3,"minecraft:chicken":3,"minecraft:cow":3}},"DataVersion":3955}