{"stats":{"minecraft:custom":{"minecraft:time_since_rest":21449,"minecraft:interact_with_furnace":5,"minecraft:sprint_one_cm":44932,"minecraft:damage_taken":157,"minecraft:walk_one_cm":14764,"minecraft:mob_kills":18,"minecraft:damage_dealt":1506,"minecraft:talked_to_villager":1,"minecraft:swim_one_cm":11572,"minecraft:interact_with_crafting_table":4,"minecraft:fly_one_cm":107277,"minecraft:open_chest":1,"minecraft:crouch_one_cm":20244,"minecraft:play_time":21449,"minecraft:sneak_time":5688,"minecraft:walk_under_water_one_cm":2392,"minecraft:jump":434,"minecraft:leave_game":1,"minecraft:walk_on_water_one_cm":2626,"minecraft:time_since_death":21449,"minecraft:total_world_time":21449,"minecraft:fall_one_cm":14603},"minecraft:picked_up":{"minecraft:raw_iron":3,"minecraft:feather":5,"minecraft:chicken":3,"minecraft:andesite":8,"minecraft:leather":1,"minecraft:porkchop":5,"minecraft:oak_log":3,"minecraft:shield":1,"minecraft:dirt":15,"minecraft:wheat_seeds":1,"minecraft:beef":6,"minecraft:gray_wool":1,"minecraft:sugar_cane":3,"minecraft:mutton":17,"minecraft:coal":51,"minecraft:white_wool":8,"minecraft:cobblestone":95,"minecraft:furnace":1},"minecraft:mined":{"minecraft:furnace":1,"minecraft:iron_ore":3,"minecraft:andesite":8,"minecraft:short_grass":5,"minecraft:coal_ore":36,"minecraft:grass_block":3,"minecraft:oak_log":2,"minecraft:dirt":11,"minecraft:tall_grass":2,"minecraft:cobblestone":2,"minecraft:stone":93,"minecraft:sugar_cane":1},"minecraft:crafted":{"minecraft:oak_planks":12,"minecraft:crafting_table":1,"minecraft:stick":8,"minecraft:wooden_pickaxe":1,"minecraft:stone_pickaxe":1,"minecraft:furnace":1,"minecraft:stone_axe":1,"minecraft:air":0,"minecraft:cooked_mutton":12},"minecraft:used":{"minecraft:cooked_mutton":4,"minecraft:stone_pickaxe":131,"minecraft:wooden_pickaxe":14,"minecraft:stone_axe":27,"minecraft:cobblestone":11,"minecraft:dirt":14,"minecraft:mutton":1,"minecraft:crafting_table":1,"minecraft:furnace":1},"minecraft:killed":{"minecraft:sheep":9,"minecraft:pig":3,"minecraft:chicken":3,"minecraft:cow":3},"minecraft:broken":{"minecraft:stone_pickaxe":1}},"DataVersion":3955}