{"stats":{"minecraft:custom":{"minecraft:interact_with_furnace":4,"minecraft:mob_kills":31,"minecraft:interact_with_crafting_table":6,"minecraft:leave_game":1,"minecraft:time_since_death":13986,"minecraft:sleep_in_bed":1,"minecraft:climb_one_cm":60,"minecraft:time_since_rest":6983,"minecraft:sprint_one_cm":80287,"minecraft:damage_taken":645,"minecraft:walk_one_cm":32649,"minecraft:drop":5,"minecraft:damage_dealt":4323,"minecraft:swim_one_cm":9086,"minecraft:fly_one_cm":166892,"minecraft:open_chest":2,"minecraft:crouch_one_cm":507,"minecraft:play_time":22323,"minecraft:deaths":1,"minecraft:sneak_time":229,"minecraft:walk_under_water_one_cm":1525,"minecraft:jump":695,"minecraft:walk_on_water_one_cm":4126,"minecraft:total_world_time":22323,"minecraft:fall_one_cm":23159},"minecraft:dropped":{"minecraft:cobblestone":5,"minecraft:leather":2,"minecraft:shield":2},"minecraft:picked_up":{"minecraft:wooden_axe":1,"minecraft:crafting_table":5,"minecraft:cooked_beef":10,"minecraft:chicken":2,"minecraft:leather":20,"minecraft:wooden_pickaxe":1,"minecraft:oak_log":40,"minecraft:dirt":5,"minecraft:bone":2,"minecraft:beef":29,"minecraft:iron_ingot":3,"minecraft:poppy":1,"minecraft:light_gray_wool":1,"minecraft:melon_slice":34,"minecraft:oak_planks":74,"minecraft:furnace":1,"minecraft:raw_iron":10,"minecraft:stick":3,"minecraft:porkchop":10,"minecraft:white_bed":1,"minecraft:stone_sword":1,"minecraft:arrow":2,"minecraft:stone_axe":1,"minecraft:mutton":13,"minecraft:coal":72,"minecraft:white_wool":7,"minecraft:cobblestone":27},"minecraft:mined":{"minecraft:white_bed":1,"minecraft:crafting_table":4,"minecraft:short_grass":10,"minecraft:grass_block":2,"minecraft:melon":5,"minecraft:tall_grass":1,"minecraft:oak_planks":10,"minecraft:hay_block":1,"minecraft:furnace":1,"minecraft:iron_ore":5,"minecraft:coal_ore":37,"minecraft:oak_log":41,"minecraft:dirt":4,"minecraft:stone":21,"minecraft:oak_leaves":5},"minecraft:used":{"minecraft:stone_sword":85,"minecraft:stone_pickaxe":46,"minecraft:oak_planks":29,"minecraft:wooden_pickaxe":22,"minecraft:dirt":5,"minecraft:crafting_table":2,"minecraft:white_bed":1,"minecraft:wooden_axe":7,"minecraft:bread":2,"minecraft:stone_axe":59,"minecraft:light_gray_wool":1,"minecraft:furnace":1,"minecraft:cooked_beef":5},"minecraft:crafted":{"minecraft:cooked_beef":2,"minecraft:oak_planks":136,"minecraft:wooden_pickaxe":1,"minecraft:furnace":1,"minecraft:stone_axe":1,"minecraft:air":0,"minecraft:shield":3,"minecraft:stick":12,"minecraft:stone_pickaxe":2,"minecraft:wooden_axe":1,"minecraft:stone_sword":1,"minecraft:white_bed":1,"minecraft:torch":4},"minecraft:killed":{"minecraft:pig":5,"minecraft:iron_golem":1,"minecraft:sheep":8,"minecraft:skeleton":1,"minecraft:chicken":2,"minecraft:cow":14},"minecraft:killed_by":{"minecraft:player":1}},"DataVersion":3955}