{"stats":{"minecraft:custom":{"minecraft:time_since_rest":3593,"minecraft:interact_with_furnace":4,"minecraft:sprint_one_cm":23359,"minecraft:damage_taken":540,"minecraft:walk_one_cm":19415,"minecraft:mob_kills":7,"minecraft:drop":3,"minecraft:damage_dealt":1202,"minecraft:swim_one_cm":9086,"minecraft:interact_with_crafting_table":4,"minecraft:fly_one_cm":50250,"minecraft:crouch_one_cm":351,"minecraft:play_time":11899,"minecraft:deaths":1,"minecraft:sneak_time":177,"minecraft:walk_under_water_one_cm":751,"minecraft:jump":250,"minecraft:walk_on_water_one_cm":3700,"minecraft:time_since_death":3562,"minecraft:total_world_time":11899,"minecraft:fall_one_cm":8589},"minecraft:dropped":{"minecraft:cobblestone":5,"minecraft:leather":2},"minecraft:picked_up":{"minecraft:wooden_axe":1,"minecraft:stick":3,"minecraft:crafting_table":2,"minecraft:raw_iron":10,"minecraft:cooked_beef":10,"minecraft:leather":14,"minecraft:wooden_pickaxe":1,"minecraft:porkchop":4,"minecraft:oak_log":34,"minecraft:dirt":5,"minecraft:stone_sword":1,"minecraft:stone_axe":1,"minecraft:beef":12,"minecraft:oak_planks":71,"minecraft:coal":72,"minecraft:cobblestone":27,"minecraft:furnace":1},"minecraft:mined":{"minecraft:furnace":1,"minecraft:iron_ore":5,"minecraft:crafting_table":1,"minecraft:oak_log":35,"minecraft:grass_block":2,"minecraft:coal_ore":37,"minecraft:dirt":4,"minecraft:stone":21,"minecraft:oak_planks":7,"minecraft:oak_leaves":5},"minecraft:used":{"minecraft:wooden_axe":7,"minecraft:stone_sword":20,"minecraft:stone_pickaxe":46,"minecraft:oak_planks":25,"minecraft:wooden_pickaxe":22,"minecraft:stone_axe":41,"minecraft:dirt":5,"minecraft:furnace":1,"minecraft:cooked_beef":3},"minecraft:crafted":{"minecraft:cooked_beef":2,"minecraft:oak_planks":136,"minecraft:stick":12,"minecraft:wooden_pickaxe":1,"minecraft:stone_pickaxe":2,"minecraft:wooden_axe":1,"minecraft:stone_sword":1,"minecraft:furnace":1,"minecraft:stone_axe":1,"minecraft:air":0},"minecraft:killed":{"minecraft:pig":1,"minecraft:cow":6},"minecraft:killed_by":{"minecraft:player":1}},"DataVersion":3955}