{"stats":{"minecraft:custom":{"minecraft:time_since_rest":10327,"minecraft:interact_with_furnace":5,"minecraft:sprint_one_cm":32025,"minecraft:damage_taken":456,"minecraft:walk_one_cm":13485,"minecraft:mob_kills":13,"minecraft:damage_dealt":1358,"minecraft:player_kills":1,"minecraft:swim_one_cm":22310,"minecraft:interact_with_crafting_table":3,"minecraft:fly_one_cm":30244,"minecraft:crouch_one_cm":2093,"minecraft:play_time":10327,"minecraft:sneak_time":1081,"minecraft:walk_under_water_one_cm":4792,"minecraft:jump":209,"minecraft:walk_on_water_one_cm":3756,"minecraft:time_since_death":10327,"minecraft:total_world_time":10327,"minecraft:fall_one_cm":3580},"minecraft:picked_up":{"minecraft:crafting_table":3,"minecraft:feather":5,"minecraft:chicken":3,"minecraft:leather":3,"minecraft:porkchop":12,"minecraft:oak_log":5,"minecraft:dirt":10,"minecraft:wheat_seeds":1,"minecraft:beef":7,"minecraft:oak_sapling":1,"minecraft:oak_planks":2,"minecraft:coal":21,"minecraft:cobblestone":26,"minecraft:furnace":1},"minecraft:used":{"minecraft:stone_pickaxe":23,"minecraft:wooden_pickaxe":15,"minecraft:stone_axe":26,"minecraft:dirt":6,"minecraft:cobblestone":3,"minecraft:crafting_table":3,"minecraft:cooked_porkchop":3,"minecraft:furnace":1,"minecraft:porkchop":4},"minecraft:mined":{"minecraft:furnace":1,"minecraft:crafting_table":3,"minecraft:short_grass":3,"minecraft:coal_ore":11,"minecraft:grass_block":2,"minecraft:oak_log":5,"minecraft:dirt":8,"minecraft:cobblestone":2,"minecraft:stone":22,"minecraft:oak_planks":3,"minecraft:oak_leaves":1},"minecraft:crafted":{"minecraft:oak_planks":20,"minecraft:cooked_porkchop":8,"minecraft:crafting_table":1,"minecraft:stick":8,"minecraft:wooden_pickaxe":1,"minecraft:stone_pickaxe":1,"minecraft:furnace":1,"minecraft:stone_axe":1,"minecraft:air":0},"minecraft:killed":{"minecraft:pig":7,"minecraft:chicken":3,"minecraft:cow":3}},"DataVersion":3955}