{"stats":{"minecraft:custom":{"minecraft:time_since_rest":19372,"minecraft:interact_with_furnace":5,"minecraft:sprint_one_cm":97587,"minecraft:damage_taken":526,"minecraft:walk_one_cm":25592,"minecraft:mob_kills":16,"minecraft:damage_dealt":1608,"minecraft:talked_to_villager":3,"minecraft:player_kills":1,"minecraft:swim_one_cm":24282,"minecraft:interact_with_crafting_table":4,"minecraft:fly_one_cm":151939,"minecraft:open_chest":6,"minecraft:crouch_one_cm":3760,"minecraft:play_time":19372,"minecraft:sneak_time":1558,"minecraft:walk_under_water_one_cm":4880,"minecraft:jump":599,"minecraft:leave_game":1,"minecraft:walk_on_water_one_cm":3936,"minecraft:time_since_death":19372,"minecraft:total_world_time":19372,"minecraft:fall_one_cm":13020},"minecraft:picked_up":{"minecraft:crafting_table":3,"minecraft:feather":5,"minecraft:chicken":3,"minecraft:leather":3,"minecraft:porkchop":12,"minecraft:oak_log":5,"minecraft:shield":1,"minecraft:dirt":10,"minecraft:wheat_seeds":3,"minecraft:hay_block":29,"minecraft:beef":7,"minecraft:chest":2,"minecraft:sugar_cane":15,"minecraft:oak_sapling":1,"minecraft:mutton":5,"minecraft:oak_planks":2,"minecraft:coal":21,"minecraft:white_wool":3,"minecraft:cobblestone":26,"minecraft:furnace":1},"minecraft:crafted":{"minecraft:oak_planks":20,"minecraft:wooden_hoe":1,"minecraft:cooked_porkchop":8,"minecraft:crafting_table":1,"minecraft:stick":8,"minecraft:wooden_pickaxe":1,"minecraft:stone_pickaxe":1,"minecraft:furnace":1,"minecraft:stone_axe":1,"minecraft:air":0},"minecraft:used":{"minecraft:wooden_hoe":22,"minecraft:stone_pickaxe":23,"minecraft:chest":2,"minecraft:wooden_pickaxe":15,"minecraft:stone_axe":33,"minecraft:dirt":6,"minecraft:cobblestone":5,"minecraft:crafting_table":4,"minecraft:cooked_porkchop":6,"minecraft:furnace":1,"minecraft:porkchop":4},"minecraft:mined":{"minecraft:hay_block":28,"minecraft:glass_pane":1,"minecraft:furnace":1,"minecraft:crafting_table":3,"minecraft:short_grass":9,"minecraft:coal_ore":11,"minecraft:grass_block":2,"minecraft:oak_log":5,"minecraft:chest":2,"minecraft:dirt":8,"minecraft:tall_grass":8,"minecraft:cobblestone":2,"minecraft:stone":22,"minecraft:sugar_cane":8,"minecraft:oak_planks":3,"minecraft:oak_leaves":1},"minecraft:killed":{"minecraft:sheep":3,"minecraft:pig":7,"minecraft:chicken":3,"minecraft:cow":3}},"DataVersion":3955}